,Naive Trend,Naive Level,Naive Seas007,Naive Seas028,Naive Seas364,OLS,ETS,ARIMA,Theta,Prophet,LightGBM,CatBoost,TCN,NBEATS,TFT
MAPE,24.31996453687532,26.137749023904533,23.86655396745871,24.21636085683345,13.939826829391466,23.505821822679405,23.426619725728393,23.81592650744204,23.773278528236574,24.89561083477356,23.848267061032164,23.605588699441586,33.2269528242954,23.009689546392742,98.76850493727991
