,Naive Trend,Naive Level,Naive Seas007,Naive Seas028,Naive Seas364,OLS,ETS,ARIMA,Theta,Prophet
MAPE,24.31996453687532,26.137749023904533,23.86655396745871,24.21636085683345,13.939826829391466,23.505821822679405,23.426619725728393,23.81592650744204,23.773278528236574,12.935316095608822
